<ImportExportXml version="9.2.25095.155" SolutionPackageVersion="9.2" languagecode="1033" generatedBy="CrmLive" xmlns:xsi="http://www.w3.org/2001/XMLSchema-instance" OrganizationVersion="9.2.25095.155" OrganizationSchemaType="Standard" CRMServerServiceabilityVersion="9.2.25095.00155">
  <SolutionManifest>
    <UniqueName>AssetManagement</UniqueName>
    <LocalizedNames>
      <LocalizedName description="Asset Management" languagecode="1033" />
    </LocalizedNames>
    <Descriptions />
    <Version>1.0.0.1</Version>
    <Managed>1</Managed>
    <Publisher>
      <UniqueName>Solomon_ODL</UniqueName>
      <LocalizedNames>
        <LocalizedName description="Solomon ODL" languagecode="1033" />
      </LocalizedNames>
      <Descriptions>
        <Description description="For tutorial purposes" languagecode="1033" />
      </Descriptions>
      <EMailAddress>okpunosolomon20@gmail.com</EMailAddress>
      <SupportingWebsiteUrl xsi:nil="true"></SupportingWebsiteUrl>
      <CustomizationPrefix>sodl</CustomizationPrefix>
      <CustomizationOptionValuePrefix>40756</CustomizationOptionValuePrefix>
      <Addresses>
        <Address>
          <AddressNumber>1</AddressNumber>
          <AddressTypeCode>1</AddressTypeCode>
          <City>Bournemounth</City>
          <County xsi:nil="true"></County>
          <Country>United Kingdom</Country>
          <Fax xsi:nil="true"></Fax>
          <FreightTermsCode xsi:nil="true"></FreightTermsCode>
          <ImportSequenceNumber xsi:nil="true"></ImportSequenceNumber>
          <Latitude xsi:nil="true"></Latitude>
          <Line1>Flat 606C Corfe house Pitwines Close</Line1>
          <Line2>Corfe House</Line2>
          <Line3 xsi:nil="true"></Line3>
          <Longitude xsi:nil="true"></Longitude>
          <Name xsi:nil="true"></Name>
          <PostalCode>BH15 1ED</PostalCode>
          <PostOfficeBox xsi:nil="true"></PostOfficeBox>
          <PrimaryContactName xsi:nil="true"></PrimaryContactName>
          <ShippingMethodCode>1</ShippingMethodCode>
          <StateOrProvince>DORSET</StateOrProvince>
          <Telephone1>07502319812</Telephone1>
          <Telephone2 xsi:nil="true"></Telephone2>
          <Telephone3 xsi:nil="true"></Telephone3>
          <TimeZoneRuleVersionNumber xsi:nil="true"></TimeZoneRuleVersionNumber>
          <UPSZone xsi:nil="true"></UPSZone>
          <UTCOffset xsi:nil="true"></UTCOffset>
          <UTCConversionTimeZoneCode xsi:nil="true"></UTCConversionTimeZoneCode>
        </Address>
        <Address>
          <AddressNumber>2</AddressNumber>
          <AddressTypeCode>1</AddressTypeCode>
          <City xsi:nil="true"></City>
          <County xsi:nil="true"></County>
          <Country xsi:nil="true"></Country>
          <Fax xsi:nil="true"></Fax>
          <FreightTermsCode xsi:nil="true"></FreightTermsCode>
          <ImportSequenceNumber xsi:nil="true"></ImportSequenceNumber>
          <Latitude xsi:nil="true"></Latitude>
          <Line1 xsi:nil="true"></Line1>
          <Line2 xsi:nil="true"></Line2>
          <Line3 xsi:nil="true"></Line3>
          <Longitude xsi:nil="true"></Longitude>
          <Name xsi:nil="true"></Name>
          <PostalCode xsi:nil="true"></PostalCode>
          <PostOfficeBox xsi:nil="true"></PostOfficeBox>
          <PrimaryContactName xsi:nil="true"></PrimaryContactName>
          <ShippingMethodCode>1</ShippingMethodCode>
          <StateOrProvince xsi:nil="true"></StateOrProvince>
          <Telephone1 xsi:nil="true"></Telephone1>
          <Telephone2 xsi:nil="true"></Telephone2>
          <Telephone3 xsi:nil="true"></Telephone3>
          <TimeZoneRuleVersionNumber xsi:nil="true"></TimeZoneRuleVersionNumber>
          <UPSZone xsi:nil="true"></UPSZone>
          <UTCOffset xsi:nil="true"></UTCOffset>
          <UTCConversionTimeZoneCode xsi:nil="true"></UTCConversionTimeZoneCode>
        </Address>
      </Addresses>
    </Publisher>
    <RootComponents>
      <RootComponent type="1" schemaName="contact" behavior="2" />
      <RootComponent type="1" schemaName="sodl_asset" behavior="0" />
      <RootComponent type="1" schemaName="sodl_assetallocation" behavior="0" />
      <RootComponent type="1" schemaName="sodl_assetallocationprocess" behavior="0" />
      <RootComponent type="1" schemaName="sodl_assetcheck" behavior="0" />
      <RootComponent type="9" schemaName="sodl_allocationcheck" behavior="0" />
      <RootComponent type="9" schemaName="sodl_allocationstatus" behavior="0" />
      <RootComponent type="9" schemaName="sodl_approvalstatus" behavior="0" />
      <RootComponent type="20" id="{1fd89e4e-4c9c-f011-bbd2-002248c79e7d}" behavior="0" />
      <RootComponent type="29" id="{0291d3f6-779b-f011-bbd2-002248c79e7d}" behavior="0" />
      <RootComponent type="29" id="{42ec6ade-859b-f011-bbd2-002248c79e7d}" behavior="0" />
      <RootComponent type="29" id="{5f516f9a-ee9a-f011-bbd2-002248c79e7d}" behavior="0" />
      <RootComponent type="29" id="{a35f3e54-4a9c-f011-bbd2-002248c79e7d}" behavior="0" />
      <RootComponent type="60" id="{abe4d90d-459c-f011-bbd2-002248c79e7d}" behavior="0" />
      <RootComponent type="61" schemaName="msdyn_/Icons/AnalysisResult.svg" behavior="0" />
      <RootComponent type="61" schemaName="sodl_asset_icon" behavior="0" />
      <RootComponent type="61" schemaName="sodl_checkicon" behavior="0" />
      <RootComponent type="62" schemaName="sodl_AssetManagementsApp" behavior="0" />
      <RootComponent type="80" schemaName="sodl_AssetManagementsApp" behavior="0" />
      <RootComponent type="431" schemaName="contact sodl_profilepicture" behavior="0" />
    </RootComponents>
    <MissingDependencies>
      <MissingDependency>
        <Required type="61" schemaName="msdyn_/Icons/AnalysisResult.svg" displayName="msdyn_/Icons/AnalysisResult.svg" solution="msdyn_PowerAppsChecker (2.0.0.11)">
          <package appName="PowerAppsChecker" version="2.0.0.11">msdyn_PowerAppsCheckerAnchor (2.0.0.11)</package>
        </Required>
        <Dependent type="1" schemaName="sodl_assetallocation" displayName="Asset Allocation" />
      </MissingDependency>
      <MissingDependency>
        <Required type="61" schemaName="msdyn_/Icons/AnalysisResult.svg" displayName="msdyn_/Icons/AnalysisResult.svg" solution="msdyn_PowerAppsChecker (2.0.0.11)">
          <package appName="PowerAppsChecker" version="2.0.0.11">msdyn_PowerAppsCheckerAnchor (2.0.0.11)</package>
        </Required>
        <Dependent type="61" schemaName="msdyn_/Icons/AnalysisResult.svg" displayName="msdyn_/Icons/AnalysisResult.svg" />
      </MissingDependency>
      <MissingDependency>
        <Required type="61" schemaName="msdyn_/Images/AppModule_Default_Icon.png" displayName="msdyn_/Images/AppModule_Default_Icon.png" solution="AppModuleWebResources (2.5)">
          <package appName="AppModule Web Resources Package" version="2.5">AppModuleWebResources (2.5)</package>
        </Required>
        <Dependent type="80" schemaName="sodl_AssetManagementsApp" displayName="Asset Managements App" />
      </MissingDependency>
      <MissingDependency>
        <Required type="66" schemaName="MscrmControls.FieldControls.ToggleControl" displayName="MscrmControls.FieldControls.ToggleControl" solution="BaseCustomControlsCore (9.0.2510.1500)">
          <package appName="Base Custom Controls" version="9.0.2510.1500">BaseCustomControlsCore (9.0.2510.1500)</package>
        </Required>
        <Dependent type="60" displayName="Asset Allocation Main Form" parentDisplayName="Asset Allocation" id="{d06becaa-e69a-f011-bbd2-002248c79e7d}" />
      </MissingDependency>
      <MissingDependency>
        <Required type="66" schemaName="MscrmControls.Rating.StarRatingControl" displayName="MscrmControls.Rating.StarRatingControl" solution="CustomControlsCore (9.2.25095.00155)">
          <package appName="Custom Controls Package" version="9.2.25095.00155">CustomControlsCore (9.2.25095.00155)</package>
        </Required>
        <Dependent type="60" displayName="Asset Check Main Form" parentDisplayName="Asset Check" id="{afc9d8c7-dd9a-f011-bbd2-002248c79e7d}" />
      </MissingDependency>
      <MissingDependency>
        <Required type="SettingDefinition" displayName="AppChannel" solution="msdyn_AppFrameworkInfraExtensions (1.0.0.15)" id.uniquename="AppChannel">
          <package appName="PowerAppsAppFramework Package" version="1.0.0.23">PowerAppsAppFramework_Anchor (1.0.0.23)</package>
        </Required>
        <Dependent type="AppSetting" displayName="parentappmoduleid.uniquename=sodl_AssetManagementsApp,settingdefinitionid.uniquename=AppChannel" id.parentappmoduleid.uniquename="sodl_AssetManagementsApp" id.settingdefinitionid.uniquename="AppChannel" />
      </MissingDependency>
    </MissingDependencies>
  </SolutionManifest>
</ImportExportXml>